<?xml version="1.0" encoding="UTF-8"?>
<!DOCTYPE generatorConfiguration
		PUBLIC "-//mybatis.org//DTD MyBatis Generator Configuration 1.0//EN"
		"http://mybatis.org/dtd/mybatis-generator-config_1_0.dtd">

<generatorConfiguration>
	<!--导入属性配置-->
	<properties resource="generator.properties"/>
	<!--指定特定数据库的jdbc驱动jar包的位置-->
	<classPathEntry location="${jdbc.driverLocation}"/>

	<context id="testTables" targetRuntime="MyBatis3">
		<commentGenerator>
			<!-- 是否去除自动生成的注释 true：是 ： false:否 -->
			<property name="suppressAllComments" value="true" />
		</commentGenerator>

		<!--jdbc的数据库连接 -->
		<jdbcConnection
				driverClass="${jdbc.driverClass}"
				connectionURL="${jdbc.connectionURL}"
				userId="${jdbc.userId}"
				password="${jdbc.password}">
		</jdbcConnection>

		<!-- 默认false，把JDBC DECIMAL 和 NUMERIC 类型解析为 Integer，为 true时把JDBC DECIMAL 和
            NUMERIC 类型解析为java.math.BigDecimal -->
		<javaTypeResolver>
			<property name="forceBigDecimals" value="false" />
		</javaTypeResolver>

		<!-- targetProject:生成PO类的位置 -->
		<javaModelGenerator targetPackage="com.example.demo.pojo"
							targetProject=".\src">
			<!-- enableSubPackages:是否让schema作为包的后缀 -->
			<property name="enableSubPackages" value="false" />
			<!-- 从数据库返回的值被清理前后的空格 -->
			<property name="trimStrings" value="true" />
		</javaModelGenerator>

		<!-- targetProject:mapper映射文件生成的位置 -->
		<sqlMapGenerator targetPackage="mapper"
						 targetProject=".\src">
			<!-- enableSubPackages:是否让schema作为包的后缀 -->
			<property name="enableSubPackages" value="false" />
		</sqlMapGenerator>

		<!-- targetPackage：mapper接口生成的位置 -->
		<javaClientGenerator type="XMLMAPPER"
							 targetPackage="com.example.demo.dao"
							 targetProject=".\src">
			<!-- enableSubPackages:是否让schema作为包的后缀 -->
			<property name="enableSubPackages" value="false" />
		</javaClientGenerator>

		<!-- 指定在数据库中已经存在的表名 -->
		<table schema="" tableName="item"/>
		<table schema="" tableName="user"/>
		<!--<table schema="" tableName="tb_item"></table>-->
		<!--<table schema="" tableName="tb_item_cat"></table>-->
		<!--<table schema="" tableName="tb_item_desc"></table>-->
		<!--<table schema="" tableName="tb_item_param"></table>-->
		<!--<table schema="" tableName="tb_item_param_item"></table>-->
		<!--<table schema="" tableName="tb_order"></table>-->
		<!--<table schema="" tableName="tb_order_item"></table>-->
		<!--<table schema="" tableName="tb_order_shipping"></table>-->
		<!--<table schema="" tableName="tb_user"></table>-->
	</context>
</generatorConfiguration>